category,kcal,co2,carbon_opp,d_lives,t_lives,water,water_US,land_metric,land_acres,eutro
animal fats,9000,6.969,24.472,0.11024922,0.299718404,448,53.68,37.193,0.0041689911,154.08
beef,1416,41.346,198.269,0.00161872,0.001788743,501,60.03,304.675,0.0341509979,307.8
chicken,1972,4.4,7.741,0.357606357,0.402733682,245,29.36,5.871,0.0006580678,48.7
eggs,1382,3.661,4.955,0.019549854,0.045767525,123,14.74,3.763,0.0004218188,21.76
goat,1090,41.621,292.617,0.045956728,0.063213163,234,28.04,456.542,0.0511737661,97.13
lamb/mutton,3581,41.621,292.617,0.025531516,0.031129921,349,41.82,456.542,0.0511737661,97.13
pork,2369,9.832,10.677,0.006414562,0.057813484,619,74.17,8.069,0.0009045039,76.38
turkey,1972,4.4,7.741,0.048617124,0.052988692,245,29.36,5.871,0.0006580678,48.7
unidentified meat,1924,16.366,64.613,0.173834957,0.207421416,404,48.41,94.548,0.0105979255,128.1
dairy milk,527,2.167,1.907,0.000011929,0.000012992,43,5.15,1.359,0.0001523453,10.65
butter,7170,11.144,12.877,0.000080545,0.000087719,288,34.51,9.177,0.0010286353,71.91
buttermilk,620,2.219,1.953,0.000012215,0.000013303,44,5.27,1.392,0.0001560016,10.91
dairy cheese,3710,8.695,9.749,0.000060981,0.000066413,218,26.12,6.948,0.000778789,54.44
concentrated milk,1500,6.936,6.103,0.000038173,0.000041573,136,16.3,4.349,0.0004875049,34.08
cream,1910,6.822,7.338,0.000045903,0.000049991,164,19.65,5.23,0.0005862246,40.98
ghee,8970,17.34,15.257,0.000095432,0.000103932,341,40.86,10.873,0.0012187621,85.2
ice cream,2070,3.94,3.341,0.0000209,0.000022761,75,8.99,2.381,0.0002669089,18.66
lactose powder,3920,17.253,15.18,0.000094955,0.000103413,339,40.62,10.819,0.0012126683,84.77
low fat yogurt,500,2.41,2.121,0.000013265,0.000014447,47,5.63,1.511,0.0001694079,11.84
milk powder,4850,16.82,14.799,0.000092569,0.000100814,331,39.66,10.547,0.0011821993,82.64
skim milk,360,1.613,1.419,0.000008875,0.000009666,32,3.83,1.011,0.0001133449,7.92
whey powder,3680,16.559,14.57,0.000091138,0.000099255,326,39.06,10.384,0.0011639179,81.37
yogurt,610,2.932,2.166,0.000013551,0.000014758,48,5.75,1.544,0.0001730642,12.1
almond milk,330,0.694,0.429,,,19,2.28,0.601,0.0000673976,1.5
apples,321,0.358,0.48,,,233,27.92,0.316,0.0000354715,1.45
bananas,602,0.711,0.859,,,315,37.75,0.333,0.0000373633,3.29
barley (beer),418,0.954,0.507,,,16,1.92,0.519,0.0000582167,2.33
beans and pulses (dried),3463,1.678,7.106,,,428,51.29,8.475,0.0009499114,17.08
berries,299,1.655,0.685,,,90,10.78,0.549,0.0000615879,6.12
cabbages and other brassicas (broccoli),225,0.622,0.528,,,24,2.88,0.378,0.0000423973,5.01
cassava and other roots,586,0.397,2.111,,,19,2.28,0.742,0.0000831291,0.69
citrus fruit,192,0.394,1.21,,,59,7.07,0.578,0.0000647919,2.24
cocoa,2081,10.456,107.403,,,6,0.72,40.169,0.0045025423,126.27
coffee,452,16.7,36.14,,,169,20.25,48.78,0.0054678049,110.52
corn (maize),2659,0.973,2.098,,,93,11.14,1.464,0.0001640899,4.03
fruits,299,0.431,0.701,,,211,25.28,0.451,0.0000505281,2.43
grains/cereals (except rice),3420,1.479,2.09,,,77,9.23,1.767,0.0001980113,7.16
legumes,4694,1.604,5.64,,,243,29.12,5.159,0.0005783275,17.08
oat milk,460,0.893,1.108,,,9,1.08,0.584,0.0000654607,1.62
oats (oatmeal),2384,2.302,5.445,,,194,23.25,4.053,0.0004542829,11.23
olives (oil),8731,6.556,14.131,,,2607,312.39,29.294,0.0032835759,37.26
onions and leeks,321,0.302,0.199,,,74,8.87,0.21,0.000023499,3.24
other vegetables,225,0.547,1.477,,,102,12.22,0.674,0.0000755592,2.27
palm (oil),8859,4.773,11.787,,,14,1.68,3.187,0.0003572106,10.67
peanuts/groundnuts,6055,1.692,6.132,,,284,34.03,2.548,0.0002855866,14.14
peas,3270,0.699,3.507,,,48,5.75,4.016,0.0004501592,7.52
potatoes,586,0.397,0.201,,,89,10.66,0.222,0.0000249089,3.48
rapeseed/canola (oil),8547,3.522,7.813,,,38,4.55,7.415,0.0008311715,19.19
rice,3848,2.534,4.128,,,1222,146.43,1.785,0.0002001325,35.07
rice milk,470,1.17,0.663,,,147,17.61,0.316,0.0000353688,4.69
root vegetables,225,0.306,2.17,,,76,9.11,0.79,0.0000885472,1.61
roots and tubers,586,0.397,1.634,,,37,4.43,0.612,0.0000685741,1.61
soy milk,330,0.484,0.627,,,5,0.6,0.328,0.0000368137,1.06
soybeans (oil),8157,3.262,8.522,,,177,21.21,5.519,0.0006185791,11.69
soybeans/tofu,2237,1.754,4.582,,,92,11.02,2.967,0.0003326108,6.16
stimulants & spices,3203,9.37,27.311,,,1137,136.24,9.618,0.0010780818,
sugars and sweeteners,3687,1.641,2.351,,,27,3.24,0.923,0.0001034743,12.32
sunflower (oil),8458,3.286,6.611,,,468,56.08,10.535,0.0011808585,50.66
tomatoes,174,0.693,0.165,,,74,8.87,0.118,0.0000132695,7.51
tree nuts and seeds,3781,4.285,5.712,,,2988,358.04,9.04,0.0010133288,19.15
vegetable oils,8232,3.451,8.101,,,149,17.85,5.916,0.0006631121,13.8
wheat/rye (bread/pasta/baked goods),2790,1.522,2.691,,,60,7.19,3.085,0.0003457512,7.16
wine grapes (wine),672,1.391,0.709,,,125,14.98,0.83,0.0000929846,4.57
non-dairy cheese or yogurt,3000,2.17,8.522,,,35,4.19,0.238,0.0000266604,14.16
plant-based meat,1980,2.806,8.085,,,72,8.63,3.176,0.000355946,6.16
water,,,,,,1,0.12,,,
unknown,,,,,,,,,,
flavoring,,,,,,,,,,
additive,,,,,,,,,,
seaweed (dried),2980,8.891,,,,,,,,0
seaweed (fresh),430,2.447,,,,,,,,0
bivalves,242,1.6709,0,,,,,,,0
anchovies,1240,5.238,0,36.618162136,39.547615107,,0,0,0,0
barramundi,1250,20.265,18.972,0.743503519,21.857669671,363,43.48,9.783,0.0010966094,305.7
bass,1055,11.555,3.168,0.306089505,4.280337823,67,8.03,1.807,0.0002025994,71.37
bass (wild-caught),1055,11.275,0,0.08448784,0.091246867,,0,0,0,0
bass (farmed),1055,12.955,18.972,1.411443919,25.175623845,401,48.1,10.823,0.00121317,427.36
carp,1270,11.597,0,0.066660334,0.071993161,166,19.89,0.536,0.0000601306,9.89
silver or bighead carp,1790,11.553,0,0.070711918,0.076368871,278,33.31,0.248,0.0000277578,1.95
catfish,1000,9.326,15.312,1.577381573,9.782589029,1942,232.65,9.687,0.0010857963,187.84
catfish (wild-caught),1000,11.759,0,0.318363573,0.343832658,,0,0,0,0
catfish (farmed),1000,9.135,16.518,1.676527543,10.525878366,2094,250.97,10.449,0.0011712284,202.63
cod,776,6.485,0,0.343349321,0.370817266,,0,,0,0
congers,1140,11.275,0,0.090585624,0.097832474,,0,,0,0
crab,870,8.64,0,1.129554952,2.259109903,,0,0,0,0
european sea bass (branzino),1590,12.955,18.972,1.976439693,25.540360809,401,48.1,10.823,0.00121317,427.36
fish (finfish),1536,4.98,11.193,0.686093597,3.906809713,1143,136.96,6.11,0.0006848751,138.72
flounder,700,21.673,0,0.821055831,0.886740297,,0,,0,0
haddock,810,6.485,0,0.677135727,0.731306585,,0,,0,0
hake,990,6.485,0,0.725157252,0.783169832,,0,,0,0
halibut,1790,21.673,0,0.050996138,0.055075829,,0,,0,0
herring,1905,5.238,0,3.053491802,3.297771146,,0,,0,0
jacks,1000,11.025,0,1.69377746,1.829279657,,0,,0,0
japanese amberjack (hamachi),2050,12.955,18.972,0.176545099,20.430951309,401,48.1,10.823,0.00121317,427.36
lobster,1120,20.805,0,3.658007334,7.316014668,,0,0,0,0
mahi-mahi,980,8.989,0,0.026238657,0.028337749,,0,0,0,0
milkfish,1320,7.956,18.023,1.945740076,20.56950623,269,32.2,17.605,0.0019733893,217.04
milkfish (wild-caught),1320,11.025,0,1.239324889,1.33847088,,0,0,0,0
milkfish (farmed),1320,7.795,18.972,1.982919823,21.581665986,283,33.9,18.532,0.0020772519,228.46
mullets,1210,11.025,0,0.849204274,0.917140616,,0,0,0,0
octopus,880,9.545,0,0.340177673,0.680355346,,0,0,0,0
pangasius (basa or swai),750,9.135,16.518,0.855029047,8.849350822,2095,250.98,10.449,0.0011712284,202.63
pollock,840,6.485,0,1.016225253,1.097523273,,0,0,0,0
salmon,1440,6.888,3.444,0.148876007,18.198034254,118,14.18,3.695,0.0004141726,164.8
salmon (wild-caught),1440,8.241,0,0.2127227,0.229740516,,0,0,0,0
salmon (farmed),1440,6.461,4.531,0.128713894,23.952957931,156,18.66,4.862,0.0005449816,216.84
sardines,1270,5.238,0,7.43930678,8.034451322,,0,,0,0
sauries,1710,11.025,0,10.140135679,10.951346533,,0,,0,0
shrimp,990,11.124,9.491,43.014974816,73.827228485,190,22.77,11.423,0.0012804041,197
shrimp (wild-caught),990,13.316,0,43.014974816,46.456172801,,0,0,0,0
shrimp (farmed),990,10.788,10.946,43.014974816,78.026017881,219,26.26,13.176,0.0014768978,227.22
smelt,970,8.241,0,8.994416265,9.713969566,,0,,0,0
sole,900,21.673,0,2.540300654,2.743524707,,0,,0,0
squid,880,9.545,0,0.425222091,0.850444183,,0,,0,0
tilapia,940,12.02,17.891,2.231987007,7.204357088,1160,139.04,14.401,0.0016142081,253.63
tilapia (wild-caught),940,11.759,0,0.636184111,0.68707884,,0,0,0,0
tilapia (farmed),940,12.036,18.972,2.32844593,7.598296494,1230,147.44,15.272,0.0017118385,268.96
trout,1480,6.942,16.752,0.281396507,21.565203687,99,11.91,3.366,0.0003772945,168.56
trout (wild-caught),1480,8.241,0,0.158747926,0.17144776,,0,0,0,0
trout (farmed),1480,6.77,18.972,0.297647791,24.399936919,113,13.49,3.812,0.0004272871,190.89
"tuna (skipjack, albacore, yellowfin)",1395,8.989,0,0.091117747,0.098407167,,0,,0,0
albacore tuna,1430,8.989,0,0.056723471,0.061261348,,0,0,0,0
bluefin tuna,1430,10.476,7.114,0.005724136,81.887925704,,,,0,160.26
skipjack tuna,1380,8.989,0,0.122447065,0.132242831,,0,0,0,0
yellowfin tuna,1430,8.989,0,0.058774591,0.063476559,,0,0,0,0
unagi (freshwater eel),1840,20.265,18.972,4.885880269,44.131690422,363,43.48,9.783,0.0010966094,305.7
whiting,810,6.485,0,0.950341232,1.026368531,,0,0,0,0
